{
  "timestamp_criacao": "20250805_001604",
  "total_registros": 262044,
  "total_ecgs": 21837,
  "total_features": 21,
  "pipeline_completo": true,
  "estatisticas_processamento": {
    "arquivos_processados": 21837,
    "arquivos_com_erro": 0,
    "tempo_total_minutos": 7.354845337073008,
    "taxa_processamento": 2969.0631140709243
  },
  "colunas_features": [
    "mean",
    "std",
    "variance",
    "min",
    "max",
    "range",
    "rms",
    "skewness",
    "kurtosis",
    "iqr",
    "zero_crossings",
    "num_peaks",
    "spectral_centroid",
    "spectral_bandwidth",
    "spectral_rolloff",
    "spectral_flux",
    "dominant_frequency",
    "fft_mean",
    "fft_std",
    "band_energy_0_5_45Hz",
    "shannon_entropy"
  ],
  "estatisticas_features": {
    "mean": {
      "count": 262044.0,
      "mean": 1.0059812663789185e-20,
      "std": 1.0798065673635824e-17,
      "min": -5.684341886080802e-17,
      "25%": -7.105427357601002e-18,
      "50%": 0.0,
      "75%": 7.105427357601002e-18,
      "max": 7.105427357601002e-17
    },
    "std": {
      "count": 262044.0,
      "mean": 0.9999961838469875,
      "std": 0.0019534976356451487,
      "min": 0.0,
      "25%": 0.9999999999999999,
      "50%": 1.0,
      "75%": 1.0,
      "max": 1.0000000000000002
    },
    "variance": {
      "count": 262044.0,
      "mean": 0.9999961838469875,
      "std": 0.001953497635645149,
      "min": 0.0,
      "25%": 0.9999999999999999,
      "50%": 1.0,
      "75%": 1.0000000000000002,
      "max": 1.0000000000000007
    },
    "min": {
      "count": 262044.0,
      "mean": -3.8597653769324056,
      "std": 2.0859667862748688,
      "min": -19.648682784170912,
      "25%": -5.571809692689008,
      "50%": -3.821530470765631,
      "75%": -1.9021766192928946,
      "max": 0.0
    },
    "max": {
      "count": 262044.0,
      "mean": 4.699916292915769,
      "std": 2.201856973268921,
      "min": 0.0,
      "25%": 2.6625385054870434,
      "50%": 5.115185112586488,
      "75%": 6.495991170134821,
      "max": 22.051254186295406
    },
    "range": {
      "count": 262044.0,
      "mean": 8.559681669848173,
      "std": 1.7007474037514718,
      "min": 0.0,
      "25%": 7.460038021675837,
      "50%": 8.348521837970399,
      "75%": 9.462722504761446,
      "max": 28.99861768363511
    },
    "rms": {
      "count": 262044.0,
      "mean": 0.9999961838469875,
      "std": 0.0019534976356451487,
      "min": 0.0,
      "25%": 0.9999999999999999,
      "50%": 1.0,
      "75%": 1.0,
      "max": 1.0000000000000002
    },
    "skewness": {
      "count": 262043.0,
      "mean": 0.6692102720580635,
      "std": 3.098392097595139,
      "min": -12.270464550204165,
      "25%": -2.2018655930991855,
      "50%": 1.190671877656332,
      "75%": 3.434638530478087,
      "max": 17.323899345956384
    },
    "kurtosis": {
      "count": 262043.0,
      "mean": 14.543109636602034,
      "std": 8.813366752880327,
      "min": -1.5739099723802303,
      "25%": 8.03152212404333,
      "50%": 13.544912854229239,
      "75%": 19.780973314084783,
      "max": 336.9682660982507
    },
    "iqr": {
      "count": 262044.0,
      "mean": 0.5273555324760665,
      "std": 0.21563357453798535,
      "min": 0.0,
      "25%": 0.37038726552238427,
      "50%": 0.4898045225255162,
      "75%": 0.6422073559457193,
      "max": 1.9435838509342955
    },
    "zero_crossings": {
      "count": 262044.0,
      "mean": 88.64743707163683,
      "std": 41.67462128322205,
      "min": 0.0,
      "25%": 61.0,
      "50%": 79.0,
      "75%": 104.0,
      "max": 493.0
    },
    "num_peaks": {
      "count": 262044.0,
      "mean": 12.256460747050113,
      "std": 2.1641258165048143,
      "min": 0.0,
      "25%": 11.0,
      "50%": 12.0,
      "75%": 14.0,
      "max": 20.0
    },
    "spectral_centroid": {
      "count": 262044.0,
      "mean": 9.403739207612755,
      "std": 2.732080071365477,
      "min": 0.0,
      "25%": 7.596567004692683,
      "50%": 9.416326983423904,
      "75%": 11.19673912793489,
      "max": 24.004759374787426
    },
    "spectral_bandwidth": {
      "count": 262044.0,
      "mean": 7.041906984511189,
      "std": 1.5804768328154923,
      "min": 0.0,
      "25%": 6.132025757077266,
      "50%": 7.074038875227574,
      "75%": 7.983627049750646,
      "max": 15.813640665124435
    },
    "spectral_rolloff": {
      "count": 262044.0,
      "mean": 16.667250538077575,
      "std": 4.65042400332388,
      "min": 0.0,
      "25%": 13.9,
      "50%": 16.900000000000002,
      "75%": 19.700000000000003,
      "max": 38.5
    },
    "spectral_flux": {
      "count": 262044.0,
      "mean": 825175542.8489112,
      "std": 781745889.5081763,
      "min": 0.0,
      "25%": 317253754.2741151,
      "50%": 591150127.5710297,
      "75%": 1040856650.283076,
      "max": 12287718874.687899
    },
    "dominant_frequency": {
      "count": 262044.0,
      "mean": 3.013737769229595,
      "std": 2.2204113122764557,
      "min": 0.0,
      "25%": 1.3,
      "50%": 2.5,
      "75%": 3.8000000000000003,
      "max": 30.5
    },
    "fft_mean": {
      "count": 262044.0,
      "mean": 11.093219467952888,
      "std": 1.9842067346826728,
      "min": 0.0,
      "25%": 9.887218948138266,
      "50%": 11.344105274686957,
      "75%": 12.519756725921054,
      "max": 21.171219084802736
    },
    "fft_std": {
      "count": 262044.0,
      "mean": 15.296700939121399,
      "std": 1.6631431449545668,
      "min": 0.0,
      "25%": 14.288126903361675,
      "50%": 15.310081390743534,
      "75%": 16.380102209247397,
      "max": 27.960292251486006
    },
    "band_energy_0_5_45Hz": {
      "count": 262044.0,
      "mean": 181718.68700846666,
      "std": 21610.28135409923,
      "min": 0.0,
      "25%": 176005.05644660591,
      "50%": 184158.5936528871,
      "75%": 190910.75275214238,
      "max": 465345.76800032303
    },
    "shannon_entropy": {
      "count": 262044.0,
      "mean": 4.4876564329154025,
      "std": 0.5369061706322068,
      "min": 4.089278550437842e-09,
      "25%": 4.121438317147141,
      "50%": 4.480821195006023,
      "75%": 4.8489744206161465,
      "max": 6.385410146577468
    }
  }
}